Hoyt?,114843,https://svetofor.info/images/thumbnails/300/300/detailed/301/planshet-jeppl-ipad-pro-129-256-gb-1.jpg
Hoyt?,123978,https://svetofor.info/images/thumbnails/300/300/detailed/301/planshet-jeppl-ipad-pro-129-5g-256-gb-1.jpg
Hoyt?,101357,https://svetofor.info/images/thumbnails/300/300/detailed/301/planshet-jeppl-ipad-pro-11-m2-2022-256-gb-serebristyj-1.jpg
Hoyt?,101357,https://svetofor.info/images/thumbnails/300/300/detailed/301/planshet-jeppl-ipad-pro-11-m2-2022-256-gb-kosmicheskij-seryj-1.jpg
Hoyt?,90917,https://svetofor.info/images/thumbnails/300/300/detailed/301/planshet-jeppl-ipad-pro-11-m2-2022-128-gb-seryj-1.jpg
Hoyt?,90917,https://svetofor.info/images/thumbnails/300/300/detailed/301/planshet-jeppl-ipad-pro-11-m2-2022-128-gb-serebristyj-1.jpg
Hoyt?,45241,https://svetofor.info/images/thumbnails/300/300/detailed/301/planshet-jeppl-ipad-10-64-gb-1.jpg
Hoyt?,87872,https://svetofor.info/images/thumbnails/300/300/detailed/301/planshet-jeppl-ipad-pro-11-2022-256-gb-kosmicheskij-seryj-1.jpg
Hoyt?,87872,https://svetofor.info/images/thumbnails/300/300/detailed/301/planshet-jeppl-ipad-pro-11-2022-256-gb-serebristyj-1.jpg
Hoyt?,76127,https://svetofor.info/images/thumbnails/300/300/detailed/301/planshet-jeppl-ipad-pro-11-2022-128-gb-serebristyj-1.jpg
Hoyt?,76127,https://svetofor.info/images/thumbnails/300/300/detailed/301/planshet-jeppl-ipad-pro-11-2022-128-gb-kosmicheskij-seryj-1.jpg
Hoyt?,19749,https://svetofor.info/images/thumbnails/300/300/detailed/301/planshet-sjaomi-mi-pad-5-128-gb-serebristyj-1.jpg
Hoyt?,32191,https://svetofor.info/images/thumbnails/300/300/detailed/297/planshet-samsung-tab-s6-lite-104-sm-p619-64-gb-1.jpg
Hoyt?,32191,https://svetofor.info/images/thumbnails/300/300/detailed/297/planshet-xiaomi-mi-pad-5-256-gb-seryj-1.jpg
Hoyt?,23578,https://svetofor.info/images/thumbnails/300/300/detailed/289/planshet-samsung-galaxy-tab-a-8-64-gb-lte-chernyj-1.jpg
Hoyt?,32626,https://svetofor.info/images/thumbnails/300/300/detailed/287/planshet-apple-ipad-9-64-gb-serebristyj-1.jpg
